<?xml version="1.0" encoding="UTF-8" standalone="yes"?>
<addon id="repository.inb4after" name="inb4after Repository" version="1.0.0" provider-name="inb4after">
	<extension point="xbmc.addon.repository" name="inb4after Repository">
		<dir minversion="18.0" maxversion="18.9.0">
			<info compressed="false">https://raw.githubusercontent.com/inb4after/inb4after/master/packages/leia/addons.xml</info>
			<checksum>https://raw.githubusercontent.com/inb4after/inb4after/master/packages/leia/addons.xml.md5</checksum>
			<datadir zip="true">https://raw.githubusercontent.com/inb4after/inb4after/master/packages/leia/</datadir>
		</dir>
		<dir minversion="18.9.0">
			<info compressed="false">https://raw.githubusercontent.com/inb4after/inb4after/master/packages/matrix/addons.xml</info>
			<checksum>https://raw.githubusercontent.com/inb4after/inb4after/master/packages/matrix/addons.xml.md5</checksum>
			<datadir zip="true">https://raw.githubusercontent.com/inb4after/inb4after/master/packages/matrix/</datadir>
		</dir>
	</extension>
	<extension point="xbmc.addon.metadata">
		<summary>inb4after Repository</summary>
		<description>For testing purposes</description>
		<platform>all</platform>
	</extension>
</addon>
